"last_name,_first_name",player_id,year,pa,k_percent,bb_percent,batting_avg,slg_percent,on_base_percent,xba,xslg,woba,xwoba,xobp,sweet_spot_percent,barrel_batted_rate,hard_hit_percent,avg_best_speed,avg_hyper_speed,woba_xwoba_diff,slg_xslg_diff,obp_xobp_diff
"Diaz, Yainer",673237,2025,567,16.8,3.5,0.256,0.417,0.284,0.268,0.465,0.3,0.326,0.297,34.9,9.6,42.2,100.97744942,94.706836942,-0.026000000000000023,-0.04800000000000004,-0.013000000000000012
"Altuve, Jose",514888,2025,654,16.7,8.4,0.265,0.442,0.329,0.237,0.384,0.331,0.3,0.305,29.8,6.2,30.9,97.313797857,92.666821705,0.031000000000000028,0.057999999999999996,0.02400000000000002
"Langeliers, Shea",669127,2025,523,19.7,6.9,0.277,0.536,0.325,0.251,0.463,0.364,0.328,0.304,33.4,11.2,44.9,102.509663298,95.562115,0.035999999999999976,0.07300000000000001,0.02100000000000002
"Tucker, Kyle",663656,2025,597,14.7,14.6,0.266,0.464,0.377,0.27,0.483,0.363,0.372,0.381,37.5,10.8,40.4,99.768677067,94.192831928,-0.009000000000000008,-0.01899999999999996,-0.0040000000000000036
"Clement, Ernie",676391,2025,588,10.4,4.6,0.277,0.398,0.313,0.26,0.359,0.308,0.289,0.299,37.1,2.4,26.0,95.998970369,92.037389446,0.019000000000000017,0.039000000000000035,0.014000000000000012
"Goodman, Hunter",696100,2025,579,26.3,5.7,0.278,0.52,0.323,0.244,0.466,0.359,0.324,0.292,32.8,12.8,46.9,102.599968608,95.758645633,0.034999999999999976,0.05399999999999999,0.031000000000000028
"Olson, Matt",621566,2025,724,24.3,12.6,0.272,0.484,0.366,0.249,0.492,0.366,0.36,0.347,37.1,14.3,53.3,103.816455133,96.735765819,0.006000000000000005,-0.008000000000000007,0.019000000000000017
"Castellanos, Nick",592206,2025,589,22.6,5.4,0.25,0.4,0.294,0.242,0.408,0.3,0.302,0.29,39.0,7.6,34.5,98.623467608,93.407329952,-0.0020000000000000018,-0.007999999999999952,0.0040000000000000036
"Bichette, Bo",666182,2025,628,14.5,6.4,0.311,0.483,0.357,0.295,0.473,0.361,0.353,0.344,37.9,7.9,48.8,101.819073862,95.502667967,0.008000000000000007,0.010000000000000009,0.013000000000000012
"Langford, Wyatt",694671,2025,573,26.4,12.9,0.241,0.431,0.344,0.239,0.448,0.337,0.346,0.344,35.9,14.0,48.4,102.369966744,95.79834863,-0.008999999999999952,-0.017000000000000015,0.0
"Greene, Riley",682985,2025,655,30.7,7.0,0.258,0.493,0.313,0.239,0.494,0.343,0.335,0.296,36.9,17.1,45.5,102.573683564,95.50996453,0.008000000000000007,-0.0010000000000000009,0.017000000000000015
"Suzuki, Seiya",673548,2025,651,25.2,10.9,0.245,0.478,0.326,0.247,0.493,0.343,0.352,0.33,40.2,16.6,48.7,102.931278798,95.890233373,-0.008999999999999952,-0.015000000000000013,-0.0040000000000000036
"India, Jonathan",663697,2025,567,18.7,9.5,0.233,0.346,0.323,0.238,0.378,0.301,0.315,0.329,33.0,5.8,36.8,99.096462296,93.637694783,-0.014000000000000012,-0.03200000000000003,-0.006000000000000005
"Hernández, Teoscar",606192,2025,546,24.5,4.8,0.247,0.454,0.284,0.25,0.455,0.315,0.323,0.291,34.0,11.5,46.1,101.752887801,95.144195209,-0.008000000000000007,-0.0010000000000000009,-0.007000000000000006
"Suárez, Eugenio",553993,2025,657,29.8,7.0,0.228,0.526,0.298,0.211,0.463,0.347,0.32,0.285,32.8,14.3,47.6,101.4773033,95.099828471,0.02699999999999997,0.063,0.013000000000000012
"Alonso, Pete",624413,2025,709,22.8,8.6,0.272,0.524,0.347,0.274,0.572,0.368,0.386,0.349,38.4,18.9,54.4,105.076411532,97.45647,-0.018000000000000016,-0.04799999999999993,-0.0020000000000000018
"Ramírez, José",608070,2025,673,11.0,9.8,0.283,0.503,0.36,0.284,0.446,0.359,0.342,0.362,36.4,7.0,37.0,99.107451103,93.765336362,0.01699999999999996,0.056999999999999995,-0.0020000000000000018
"Ozuna, Marcell",542303,2025,592,24.3,15.9,0.232,0.4,0.355,0.239,0.448,0.334,0.354,0.362,35.1,11.4,44.6,101.322693218,94.957629109,-0.019999999999999962,-0.04799999999999999,-0.007000000000000006
"Busch, Michael",683737,2025,592,23.5,9.5,0.261,0.523,0.343,0.262,0.548,0.369,0.378,0.344,41.1,17.1,47.3,101.692645959,95.541508831,-0.009000000000000008,-0.025000000000000022,-0.0009999999999999454
"McCutchen, Andrew",457705,2025,551,21.4,12.2,0.239,0.367,0.333,0.258,0.415,0.309,0.333,0.35,34.5,8.3,42.5,100.124243278,94.328514568,-0.02400000000000002,-0.04799999999999999,-0.01699999999999996
"McLain, Matt",680574,2025,577,28.9,9.5,0.22,0.343,0.3,0.212,0.361,0.286,0.29,0.294,34.0,7.7,40.7,99.170988588,93.766255706,-0.0040000000000000036,-0.01799999999999996,0.006000000000000005
"Winn, Masyn",691026,2025,537,19.0,6.3,0.253,0.363,0.31,0.24,0.347,0.297,0.286,0.298,31.3,4.8,34.6,98.797379897,93.446512558,0.01100000000000001,0.016000000000000014,0.01200000000000001
"Arraez, Luis",650333,2025,675,3.1,5.0,0.292,0.392,0.327,0.287,0.363,0.313,0.303,0.324,37.1,1.1,16.7,93.590259064,90.800701323,0.010000000000000009,0.029000000000000026,0.0030000000000000027
"Guerrero Jr., Vladimir",665489,2025,680,13.8,11.9,0.292,0.467,0.381,0.3,0.506,0.366,0.384,0.39,33.7,12.2,50.7,104.847490968,96.922139153,-0.018000000000000016,-0.03899999999999998,-0.009000000000000008
"Burleson, Alec",676475,2025,546,14.5,7.1,0.29,0.459,0.343,0.272,0.471,0.346,0.345,0.329,34.0,9.5,43.0,101.386484258,95.130209592,0.0010000000000000009,-0.011999999999999955,0.014000000000000012
"Harper, Bryce",547180,2025,580,20.9,12.1,0.261,0.487,0.357,0.268,0.492,0.361,0.368,0.364,37.6,12.3,47.5,102.783123874,95.800004672,-0.007000000000000006,-0.0050000000000000044,-0.007000000000000006
"Frelick, Sal",686217,2025,594,13.5,7.9,0.288,0.405,0.351,0.255,0.339,0.332,0.299,0.324,30.7,3.1,27.4,96.058504215,92.02970778,0.03300000000000003,0.066,0.02699999999999997
"Schwarber, Kyle",656941,2025,724,27.2,14.9,0.24,0.563,0.365,0.251,0.584,0.391,0.403,0.374,35.3,20.8,59.6,105.678659216,98.063659265,-0.01200000000000001,-0.02100000000000002,-0.009000000000000008
"Polanco, Jorge",593871,2025,524,15.6,8.0,0.265,0.495,0.326,0.266,0.464,0.35,0.343,0.329,34.3,10.3,45.8,101.532444745,95.138197245,0.006999999999999951,0.030999999999999972,-0.0030000000000000027
"Pasquantino, Vinnie",686469,2025,682,15.7,7.2,0.264,0.475,0.323,0.259,0.463,0.34,0.334,0.319,33.5,10.8,44.7,101.339574109,95.022747112,0.006000000000000005,0.011999999999999955,0.0040000000000000036
"O'Hearn, Ryan",656811,2025,544,20.0,10.7,0.281,0.437,0.366,0.269,0.429,0.349,0.343,0.357,38.2,7.6,42.5,99.566357446,94.072133569,0.00599999999999995,0.008000000000000007,0.009000000000000008
"Lee, Jung Hoo",808982,2025,617,11.5,7.6,0.266,0.407,0.327,0.277,0.385,0.32,0.321,0.339,34.1,3.7,32.0,97.154749061,92.638543988,-0.0010000000000000009,0.021999999999999964,-0.01200000000000001
"Swanson, Dansby",621020,2025,645,26.0,7.3,0.244,0.417,0.3,0.267,0.477,0.31,0.345,0.323,36.9,11.7,47.8,101.168222972,95.031771415,-0.034999999999999976,-0.06,-0.02300000000000002
"Judge, Aaron",592450,2025,679,23.6,18.3,0.331,0.688,0.457,0.3,0.708,0.463,0.46,0.434,39.4,24.7,58.2,106.838113247,98.650676124,0.0030000000000000027,-0.020000000000000018,0.02300000000000002
"Naylor, Josh",647304,2025,604,13.7,7.9,0.295,0.462,0.353,0.271,0.436,0.351,0.335,0.335,30.8,6.7,41.9,100.123963879,94.317973693,0.01599999999999996,0.026000000000000023,0.01799999999999996
"Smith, Josh",669701,2025,563,17.8,9.8,0.251,0.366,0.335,0.247,0.366,0.311,0.31,0.332,33.8,5.0,31.1,97.379499592,92.713932653,0.0010000000000000009,0.0,0.0030000000000000027
"Reynolds, Bryan",668804,2025,654,26.5,8.7,0.245,0.402,0.318,0.259,0.447,0.315,0.338,0.331,38.4,10.1,46.0,101.932535192,95.465817885,-0.02300000000000002,-0.044999999999999984,-0.013000000000000012
"Walker, Christian",572233,2025,640,27.7,6.3,0.238,0.421,0.297,0.233,0.435,0.31,0.314,0.294,34.5,12.9,46.1,102.499785971,95.668558155,-0.0040000000000000036,-0.014000000000000012,0.0030000000000000027
"Carroll, Corbin",682998,2025,642,23.8,10.4,0.259,0.541,0.343,0.262,0.529,0.371,0.372,0.348,33.5,14.5,49.9,103.729438309,96.452659346,-0.0010000000000000009,0.01200000000000001,-0.004999999999999949
"Trout, Mike",545361,2025,556,32.0,15.6,0.232,0.439,0.359,0.236,0.474,0.343,0.358,0.364,44.4,15.8,49.3,103.439903451,96.179463887,-0.014999999999999958,-0.034999999999999976,-0.0050000000000000044
"De La Cruz, Elly",682829,2025,699,25.9,9.6,0.264,0.44,0.336,0.251,0.424,0.333,0.322,0.325,32.5,10.2,44.2,102.291176726,95.4641937,0.01100000000000001,0.016000000000000014,0.01100000000000001
"Kirk, Alejandro",672386,2025,506,11.7,9.5,0.282,0.421,0.348,0.278,0.48,0.334,0.359,0.348,34.4,10.1,50.8,102.169605025,95.726454811,-0.024999999999999967,-0.059,0.0
"Adames, Willy",642715,2025,686,26.1,11.7,0.225,0.421,0.318,0.224,0.435,0.321,0.327,0.319,35.6,12.6,42.8,99.897786476,94.18327716,-0.006000000000000005,-0.014000000000000012,-0.0010000000000000009
"Cronenworth, Jake",630105,2025,515,20.8,13.4,0.246,0.377,0.367,0.225,0.353,0.333,0.319,0.352,31.9,6.2,39.0,99.15448481,93.790989905,0.014000000000000012,0.02400000000000002,0.015000000000000013
"Friedl, TJ",670770,2025,685,16.8,11.8,0.261,0.378,0.364,0.227,0.317,0.333,0.3,0.337,33.4,2.7,32.1,97.485236416,92.822655233,0.03300000000000003,0.061,0.02699999999999997
"Lux, Gavin",666158,2025,503,22.7,11.1,0.269,0.374,0.35,0.243,0.336,0.322,0.299,0.327,38.1,3.6,36.9,97.799033473,93.010295676,0.02300000000000002,0.03799999999999998,0.022999999999999965
"García Jr., Luis",671277,2025,526,16.0,5.1,0.252,0.412,0.289,0.281,0.47,0.3,0.339,0.32,33.7,9.0,45.8,100.772844709,94.823697591,-0.039000000000000035,-0.057999999999999996,-0.031000000000000028
"Contreras, William",661388,2025,659,18.2,12.7,0.26,0.399,0.355,0.253,0.398,0.332,0.331,0.352,31.6,6.4,48.5,102.570622124,95.839705166,0.0010000000000000009,0.0010000000000000009,0.0030000000000000027
"Tatis Jr., Fernando",665487,2025,691,18.7,12.9,0.268,0.446,0.368,0.272,0.488,0.353,0.37,0.372,28.9,10.9,51.8,103.844166724,96.718358423,-0.017000000000000015,-0.04199999999999998,-0.0040000000000000036
"Chisholm Jr., Jazz",665862,2025,531,27.9,10.9,0.242,0.481,0.332,0.234,0.481,0.349,0.346,0.325,32.6,15.0,43.3,100.93875057,94.67092819,0.0030000000000000027,0.0,0.007000000000000006
"Garcia, Maikel",672580,2025,666,12.6,9.3,0.286,0.449,0.351,0.276,0.422,0.347,0.335,0.343,34.5,5.6,45.1,101.342001641,95.068685362,0.011999999999999955,0.027000000000000024,0.007999999999999952
"Machado, Manny",592518,2025,678,19.3,8.1,0.275,0.46,0.335,0.271,0.495,0.341,0.355,0.334,34.8,12.9,51.5,103.43453,96.416401779,-0.013999999999999957,-0.034999999999999976,0.0010000000000000009
"Bellinger, Cody",641355,2025,656,13.7,8.7,0.272,0.48,0.334,0.254,0.43,0.347,0.327,0.32,37.1,7.5,37.9,98.690370317,93.444149405,0.019999999999999962,0.04999999999999999,0.014000000000000012
"Ramírez, Agustín",682663,2025,585,19.3,6.2,0.231,0.413,0.287,0.259,0.457,0.302,0.332,0.315,31.1,11.0,47.0,103.943810657,96.283585728,-0.030000000000000027,-0.04400000000000004,-0.028000000000000025
"Torkelson, Spencer",679529,2025,649,26.0,11.1,0.24,0.456,0.333,0.226,0.456,0.339,0.334,0.322,39.3,13.5,45.1,100.7921562,94.776285589,0.0050000000000000044,0.0,0.01100000000000001
"Story, Trevor",596115,2025,654,26.9,5.0,0.263,0.433,0.308,0.249,0.421,0.32,0.311,0.296,32.6,9.8,47.0,102.418939954,95.643419306,0.009000000000000008,0.01200000000000001,0.01200000000000001
"Rodríguez, Julio",677594,2025,710,21.4,6.2,0.267,0.474,0.324,0.274,0.483,0.341,0.348,0.331,31.5,9.8,48.0,103.7115726,96.24062626,-0.006999999999999951,-0.009000000000000008,-0.007000000000000006
"Volpe, Anthony",683011,2025,596,25.2,7.2,0.212,0.391,0.272,0.223,0.405,0.286,0.301,0.284,34.6,10.5,41.9,100.214381212,94.48835443,-0.015000000000000013,-0.014000000000000012,-0.011999999999999955
"Caminero, Junior",691406,2025,653,19.1,6.3,0.264,0.535,0.311,0.255,0.501,0.357,0.346,0.307,27.7,14.0,51.4,104.467588678,96.871000041,0.01100000000000001,0.03400000000000003,0.0040000000000000036
"Barger, Addison",680718,2025,502,24.1,7.2,0.243,0.454,0.301,0.255,0.462,0.322,0.331,0.313,35.5,11.4,51.0,103.716706784,96.416377947,-0.009000000000000008,-0.008000000000000007,-0.01200000000000001
"Springer, George",543807,2025,586,18.9,11.8,0.309,0.56,0.399,0.291,0.571,0.408,0.404,0.384,41.2,16.1,47.6,102.436288051,95.608566256,0.003999999999999948,-0.010999999999999899,0.015000000000000013
"Lee, Brooks",686797,2025,527,17.5,5.9,0.236,0.37,0.285,0.234,0.374,0.286,0.289,0.285,30.8,5.8,38.5,98.1525774,93.309491128,-0.0030000000000000027,-0.0040000000000000036,0.0
"Rooker, Brent",667670,2025,699,22.2,9.3,0.262,0.479,0.335,0.261,0.489,0.349,0.351,0.334,39.7,13.7,44.8,101.348762785,95.08004389,-0.0020000000000000018,-0.010000000000000009,0.0010000000000000009
"Díaz, Yandy",650490,2025,651,14.1,8.8,0.3,0.482,0.366,0.285,0.459,0.364,0.353,0.355,29.2,8.3,52.5,104.837007886,97.11235376,0.01100000000000001,0.022999999999999965,0.01100000000000001
"Ortiz, Joey",687401,2025,506,14.6,5.3,0.23,0.317,0.276,0.245,0.327,0.263,0.275,0.29,27.4,3.0,32.8,97.991058051,93.026599357,-0.01200000000000001,-0.010000000000000009,-0.013999999999999957
"Stott, Bryson",681082,2025,560,16.3,9.6,0.257,0.391,0.328,0.247,0.393,0.315,0.313,0.32,36.0,5.1,29.5,97.625702976,92.873358435,0.0020000000000000018,-0.0020000000000000018,0.008000000000000007
"Cruz, Oneil",665833,2025,544,32.0,11.8,0.2,0.378,0.298,0.218,0.425,0.295,0.324,0.317,31.5,17.9,56.6,107.307978467,98.8072552,-0.029000000000000026,-0.046999999999999986,-0.019000000000000017
"Abrams, CJ",682928,2025,635,19.7,5.8,0.257,0.433,0.315,0.245,0.401,0.324,0.309,0.305,34.4,7.6,39.2,99.528390349,93.868025131,0.015000000000000013,0.03199999999999997,0.010000000000000009
"Yelich, Christian",592885,2025,644,25.9,9.9,0.264,0.452,0.343,0.245,0.439,0.343,0.33,0.327,31.2,10.3,46.4,102.370284187,95.465991975,0.013000000000000012,0.013000000000000012,0.016000000000000014
"Nimmo, Brandon",607043,2025,652,21.6,7.7,0.262,0.436,0.324,0.252,0.419,0.329,0.321,0.317,29.7,8.8,50.2,102.56356141,95.897196556,0.008000000000000007,0.017000000000000015,0.007000000000000006
"Butler, Lawrence",671732,2025,630,28.4,9.4,0.234,0.404,0.306,0.229,0.393,0.31,0.304,0.301,34.4,9.2,44.4,102.147176546,95.442891289,0.006000000000000005,0.01100000000000001,0.0050000000000000044
"Adell, Jo",666176,2025,573,26.4,5.8,0.236,0.485,0.293,0.26,0.549,0.333,0.365,0.316,35.1,17.3,50.0,104.215712606,96.547484587,-0.03199999999999997,-0.06400000000000006,-0.02300000000000002
"Gurriel Jr., Lourdes",666971,2025,546,13.9,5.7,0.248,0.418,0.295,0.256,0.42,0.307,0.315,0.306,37.4,7.2,38.3,99.058751759,93.630561528,-0.008000000000000007,-0.0020000000000000018,-0.01100000000000001
"Perdomo, Geraldo",672695,2025,720,11.5,13.1,0.29,0.462,0.389,0.278,0.424,0.37,0.356,0.381,36.2,6.2,31.9,97.403040156,92.774457856,0.014000000000000012,0.038000000000000034,0.008000000000000007
"Chourio, Jackson",694192,2025,589,20.5,5.1,0.27,0.463,0.308,0.247,0.426,0.328,0.307,0.288,34.0,9.7,42.3,101.15634963,94.875813411,0.02100000000000002,0.03700000000000003,0.020000000000000018
"Lowe, Nathaniel",663993,2025,609,26.1,10.2,0.228,0.381,0.307,0.229,0.373,0.301,0.303,0.311,33.4,7.0,41.5,100.389231563,94.465033629,-0.0020000000000000018,0.008000000000000007,-0.0040000000000000036
"Nootbaar, Lars",663457,2025,583,20.4,11.0,0.234,0.361,0.325,0.231,0.4,0.304,0.317,0.323,33.0,10.2,50.0,101.938818418,95.520290383,-0.013000000000000012,-0.039000000000000035,0.0020000000000000018
"Witt Jr., Bobby",677951,2025,687,18.2,7.1,0.295,0.501,0.351,0.285,0.508,0.36,0.365,0.347,35.4,12.5,48.5,103.906232271,96.610542829,-0.0050000000000000044,-0.007000000000000006,0.0040000000000000036
"Hoerner, Nico",663538,2025,649,7.6,6.0,0.297,0.394,0.345,0.292,0.391,0.324,0.322,0.341,36.1,2.3,30.3,96.704418551,92.414274628,0.0020000000000000018,0.0030000000000000027,0.003999999999999948
"Doyle, Brenton",686668,2025,538,25.7,5.6,0.233,0.376,0.274,0.239,0.415,0.282,0.3,0.281,33.0,10.8,44.6,101.00400956,94.812165962,-0.018000000000000016,-0.03899999999999998,-0.007000000000000006
"Happ, Ian",664023,2025,663,22.8,13.1,0.243,0.42,0.342,0.256,0.457,0.333,0.354,0.356,35.7,10.4,44.4,101.384139763,95.030374418,-0.020999999999999963,-0.03700000000000003,-0.013999999999999957
"Correa, Carlos",621043,2025,584,19.3,7.7,0.276,0.402,0.332,0.28,0.439,0.322,0.338,0.337,34.6,6.8,45.9,102.338902322,95.568245592,-0.016000000000000014,-0.03699999999999998,-0.0050000000000000044
"Arozarena, Randy",668227,2025,709,26.9,9.0,0.238,0.426,0.334,0.227,0.417,0.332,0.327,0.326,32.6,11.5,50.6,102.490457934,95.926660471,0.0050000000000000044,0.009000000000000008,0.008000000000000007
"Wilson, Jacob",805779,2025,523,7.5,5.2,0.311,0.444,0.355,0.277,0.364,0.348,0.304,0.324,32.2,2.2,24.7,95.136633108,91.576810226,0.043999999999999984,0.08000000000000002,0.030999999999999972
"Soderstrom, Tyler",691016,2025,624,22.6,8.8,0.276,0.474,0.346,0.261,0.457,0.354,0.341,0.333,34.4,11.4,49.8,103.023677143,96.015814678,0.012999999999999956,0.01699999999999996,0.012999999999999956
"Pages, Andy",681624,2025,624,21.6,4.6,0.272,0.461,0.313,0.258,0.428,0.332,0.316,0.301,38.9,8.4,37.2,99.313461778,93.746068218,0.016000000000000014,0.03300000000000003,0.01200000000000001
"Bogaerts, Xander",593428,2025,552,17.0,8.7,0.263,0.391,0.328,0.267,0.413,0.313,0.327,0.336,36.7,6.9,39.2,100.19021209,94.233073607,-0.014000000000000012,-0.021999999999999964,-0.008000000000000007
"Rafaela, Ceddanne",678882,2025,587,19.9,4.8,0.249,0.414,0.295,0.242,0.416,0.307,0.305,0.289,32.3,9.2,38.7,99.637036837,93.97214993,0.0020000000000000018,-0.0020000000000000018,0.006000000000000005
"Neto, Zach",687263,2025,554,26.9,6.0,0.257,0.474,0.319,0.251,0.495,0.337,0.344,0.315,38.0,14.0,46.6,101.775942825,95.420716799,-0.006999999999999951,-0.02100000000000002,0.0040000000000000036
"Holliday, Jackson",702616,2025,649,21.6,8.6,0.242,0.375,0.314,0.241,0.404,0.304,0.314,0.313,32.4,7.8,40.8,99.642935225,94.03038741,-0.010000000000000009,-0.029000000000000026,0.0010000000000000009
"Hayes, Ke'Bryan",663647,2025,570,19.5,6.3,0.235,0.306,0.29,0.238,0.342,0.266,0.282,0.295,30.6,4.5,42.5,99.789439561,94.118686822,-0.01599999999999996,-0.03600000000000003,-0.0050000000000000044
"Manzardo, Kyle",700932,2025,531,25.4,9.0,0.234,0.455,0.313,0.224,0.443,0.329,0.322,0.305,37.1,11.8,43.8,100.114470588,94.531639086,0.007000000000000006,0.01200000000000001,0.008000000000000007
"Meidroth, Chase",805367,2025,505,14.3,8.9,0.253,0.32,0.329,0.254,0.333,0.294,0.3,0.33,26.2,1.6,36.1,97.686781436,92.976040347,-0.006000000000000005,-0.013000000000000012,-0.0010000000000000009
"García, Adolis",666969,2025,547,24.7,5.1,0.227,0.394,0.271,0.232,0.427,0.286,0.304,0.278,33.2,11.6,46.7,101.875197354,95.57270172,-0.018000000000000016,-0.032999999999999974,-0.007000000000000006
"Larnach, Trevor",663616,2025,567,21.5,9.3,0.25,0.404,0.323,0.247,0.399,0.317,0.315,0.321,34.9,7.2,45.7,101.351578402,95.134984031,0.0020000000000000018,0.0050000000000000044,0.0020000000000000018
"Realmuto, J.T.",592663,2025,550,23.5,6.4,0.257,0.384,0.315,0.253,0.411,0.307,0.316,0.313,36.7,8.8,45.5,101.254721596,94.894975239,-0.009000000000000008,-0.02699999999999997,0.0020000000000000018
"Edwards, Xavier",669364,2025,619,14.2,7.9,0.283,0.353,0.343,0.262,0.332,0.308,0.295,0.325,33.6,0.8,29.4,96.768424561,92.424991053,0.013000000000000012,0.020999999999999963,0.018000000000000016
"Freeman, Freddie",518692,2025,627,20.4,9.6,0.295,0.502,0.367,0.268,0.467,0.37,0.35,0.345,36.7,10.4,45.7,100.776056343,94.869970093,0.020000000000000018,0.034999999999999976,0.02200000000000002
"Grisham, Trent",663757,2025,581,23.6,14.1,0.235,0.464,0.348,0.248,0.498,0.353,0.37,0.359,34.6,14.2,46.4,101.23838764,95.167728169,-0.017000000000000015,-0.033999999999999975,-0.01100000000000001
"Turner, Trea",607208,2025,639,16.7,6.7,0.304,0.457,0.355,0.27,0.41,0.352,0.321,0.324,34.7,5.8,42.1,100.109582645,94.284521756,0.030999999999999972,0.04700000000000004,0.030999999999999972
"Wood, James",695578,2025,689,32.1,12.3,0.256,0.475,0.35,0.259,0.493,0.353,0.361,0.354,36.3,16.3,56.3,106.446259788,98.230447241,-0.008000000000000007,-0.018000000000000016,-0.0040000000000000036
"Rice, Ben",700250,2025,530,18.9,9.4,0.255,0.499,0.337,0.283,0.557,0.358,0.394,0.365,39.3,15.4,56.1,104.138238152,97.178139076,-0.03600000000000003,-0.05800000000000005,-0.02799999999999997
"Wagaman, Eric",676572,2025,514,19.5,6.2,0.25,0.378,0.296,0.259,0.421,0.293,0.315,0.306,34.4,6.8,46.5,102.304067053,95.484613553,-0.02200000000000002,-0.04299999999999998,-0.010000000000000009
"Lopez, Otto",672640,2025,594,13.8,7.4,0.246,0.368,0.305,0.269,0.434,0.295,0.33,0.327,32.5,7.1,38.3,99.900867489,94.042562749,-0.03500000000000003,-0.066,-0.02200000000000002
"Duran, Jarren",680776,2025,696,24.3,8.6,0.256,0.442,0.332,0.248,0.41,0.335,0.326,0.327,34.5,9.7,46.8,103.158389163,96.0558783,0.009000000000000008,0.03200000000000003,0.0050000000000000044
"McKinstry, Zach",656716,2025,511,21.7,9.0,0.259,0.438,0.333,0.247,0.358,0.333,0.305,0.324,41.2,6.1,30.5,96.985648092,92.494690578,0.028000000000000025,0.08000000000000002,0.009000000000000008
"Ward, Taylor",621493,2025,663,26.4,11.3,0.228,0.475,0.317,0.231,0.45,0.339,0.333,0.32,34.9,13.7,42.7,100.944753902,94.843614171,0.006000000000000005,0.024999999999999967,-0.0030000000000000027
"Henderson, Gunnar",683002,2025,651,21.0,9.5,0.274,0.438,0.349,0.276,0.425,0.339,0.341,0.354,29.9,8.5,49.2,102.936564389,96.031023084,-0.0020000000000000018,0.013000000000000012,-0.0050000000000000044
"Devers, Rafael",646240,2025,729,26.3,15.4,0.252,0.479,0.372,0.244,0.487,0.365,0.367,0.368,34.6,16.0,56.1,104.005280383,97.028150813,-0.0020000000000000018,-0.008000000000000007,0.0040000000000000036
"Sosa, Lenyn",672820,2025,544,23.3,3.3,0.264,0.434,0.293,0.263,0.467,0.313,0.326,0.293,39.2,10.4,43.8,100.914668265,94.870690765,-0.013000000000000012,-0.03300000000000003,0.0
"Donovan, Brendan",680977,2025,515,13.0,8.2,0.287,0.422,0.353,0.28,0.449,0.337,0.346,0.348,40.1,8.8,40.9,99.946562944,94.337995152,-0.008999999999999952,-0.027000000000000024,0.0050000000000000044
"Betts, Mookie",605141,2025,663,10.3,9.2,0.258,0.406,0.326,0.267,0.422,0.318,0.33,0.335,37.7,5.5,35.8,98.069345714,93.262709925,-0.01200000000000001,-0.01599999999999996,-0.009000000000000008
"Ramos, Heliot",671218,2025,695,22.7,7.5,0.256,0.4,0.328,0.242,0.417,0.319,0.32,0.317,32.5,8.8,47.4,102.515755862,95.752323082,-0.0010000000000000009,-0.01699999999999996,0.01100000000000001
"Bohm, Alec",664761,2025,504,16.3,5.8,0.287,0.409,0.331,0.275,0.413,0.322,0.324,0.325,35.6,6.2,46.4,100.707635803,94.852393109,-0.0020000000000000018,-0.0040000000000000036,0.006000000000000005
"Vargas, Miguel",678246,2025,569,17.6,9.8,0.234,0.401,0.316,0.237,0.407,0.314,0.319,0.32,36.6,9.3,40.5,99.545761182,94.110815049,-0.0050000000000000044,-0.00599999999999995,-0.0040000000000000036
"Sheets, Gavin",657757,2025,545,19.6,8.1,0.252,0.429,0.317,0.263,0.453,0.323,0.34,0.331,38.8,9.5,46.5,101.199157732,94.955729845,-0.017000000000000015,-0.02400000000000002,-0.014000000000000012
"Perez, Salvador",521692,2025,641,19.5,4.4,0.236,0.446,0.284,0.269,0.534,0.311,0.357,0.314,35.7,14.8,46.7,102.06590789,95.318358013,-0.045999999999999985,-0.08800000000000002,-0.030000000000000027
"Chapman, Matt",656305,2025,535,23.6,13.3,0.231,0.43,0.34,0.243,0.417,0.336,0.34,0.352,34.0,9.9,47.6,102.936609458,95.951665392,-0.0040000000000000036,0.013000000000000012,-0.011999999999999955
"Raleigh, Cal",663728,2025,705,26.7,13.8,0.247,0.589,0.359,0.231,0.547,0.392,0.371,0.346,35.3,19.5,49.6,103.037930049,96.182622409,0.02100000000000002,0.041999999999999926,0.013000000000000012
"Ohtani, Shohei",660271,2025,727,25.7,15.0,0.282,0.622,0.392,0.274,0.649,0.418,0.425,0.387,35.9,23.5,58.7,106.126015352,98.277186118,-0.007000000000000006,-0.027000000000000024,0.0050000000000000044
"McMahon, Ryan",641857,2025,586,32.3,11.9,0.214,0.381,0.312,0.219,0.419,0.306,0.322,0.318,35.3,12.1,50.5,102.856311911,96.350240575,-0.016000000000000014,-0.03799999999999998,-0.006000000000000005
"Steer, Spencer",668715,2025,568,22.7,9.0,0.238,0.411,0.312,0.219,0.361,0.316,0.293,0.297,34.2,7.6,33.2,97.843391958,93.000497056,0.02300000000000002,0.04999999999999999,0.015000000000000013
"Buxton, Byron",621439,2025,542,27.3,7.6,0.264,0.551,0.327,0.249,0.514,0.367,0.35,0.315,32.9,17.6,53.8,103.649870983,96.632317826,0.017000000000000015,0.03700000000000003,0.01200000000000001
"Semien, Marcus",543760,2025,534,17.4,9.4,0.23,0.364,0.305,0.243,0.395,0.295,0.318,0.321,35.8,6.7,35.0,98.284177358,93.274231455,-0.02300000000000002,-0.031000000000000028,-0.016000000000000014
"Kwan, Steven",680757,2025,693,8.7,7.9,0.272,0.374,0.33,0.273,0.366,0.31,0.31,0.334,39.7,1.9,19.3,94.357794321,91.185631109,0.0,0.008000000000000007,-0.0040000000000000036
"Bell, Josh",605137,2025,533,16.5,10.7,0.237,0.417,0.325,0.256,0.485,0.324,0.359,0.345,33.4,12.0,47.0,102.549856474,95.682677968,-0.034999999999999976,-0.068,-0.019999999999999962
"Soto, Juan",665742,2025,715,19.2,17.8,0.263,0.525,0.396,0.288,0.608,0.39,0.429,0.417,32.9,18.1,55.3,104.539509412,97.232619389,-0.03899999999999998,-0.08299999999999996,-0.020999999999999963
"Schanuel, Nolan",694384,2025,564,12.6,10.5,0.264,0.389,0.353,0.262,0.388,0.327,0.327,0.352,38.0,4.5,29.0,96.61346119,92.362165704,0.0,0.0010000000000000009,0.0010000000000000009
"Durbin, Caleb",702332,2025,506,9.9,5.9,0.256,0.387,0.334,0.255,0.362,0.319,0.312,0.333,29.6,4.0,26.9,96.100902887,92.05425549,0.007000000000000006,0.025000000000000022,0.0010000000000000009
"Beck, Jordan",687597,2025,588,29.6,7.3,0.258,0.416,0.317,0.231,0.395,0.319,0.301,0.293,36.9,9.6,38.5,100.308269611,94.26308585,0.018000000000000016,0.020999999999999963,0.02400000000000002
"Goldschmidt, Paul",502671,2025,534,18.7,6.7,0.274,0.403,0.328,0.266,0.45,0.316,0.329,0.321,36.1,7.9,43.7,100.708316256,94.748625913,-0.013000000000000012,-0.046999999999999986,0.007000000000000006
"Contreras, Willson",575929,2025,563,25.2,7.8,0.257,0.447,0.344,0.257,0.488,0.344,0.358,0.344,37.1,13.9,49.0,103.153936457,96.033080457,-0.014000000000000012,-0.04099999999999998,0.0
"Yastrzemski, Mike",573262,2025,558,19.4,12.9,0.233,0.403,0.333,0.237,0.419,0.321,0.329,0.338,35.6,8.5,42.6,99.919347541,94.459655315,-0.008000000000000007,-0.01599999999999996,-0.0050000000000000044
"Torres, Gleyber",650402,2025,628,16.1,13.5,0.256,0.387,0.358,0.269,0.462,0.332,0.363,0.372,38.6,8.2,39.0,99.951681689,94.284674897,-0.030999999999999972,-0.07500000000000001,-0.014000000000000012
"Jung, Josh",673962,2025,511,25.2,5.3,0.251,0.39,0.294,0.245,0.414,0.298,0.304,0.288,39.4,8.2,46.7,100.8140564,94.816045657,-0.006000000000000005,-0.023999999999999966,0.006000000000000005
"Peña, Jeremy",665161,2025,543,17.1,6.4,0.304,0.477,0.363,0.27,0.432,0.363,0.334,0.333,30.0,8.2,42.9,100.3500578,94.382263083,0.02899999999999997,0.044999999999999984,0.02999999999999997
"Crawford, J.P.",641487,2025,654,18.7,11.3,0.265,0.37,0.352,0.266,0.386,0.322,0.329,0.354,40.0,4.8,34.7,98.225449369,93.184882725,-0.007000000000000006,-0.016000000000000014,-0.0020000000000000018
"Albies, Ozzie",645277,2025,667,14.1,8.2,0.24,0.365,0.306,0.243,0.366,0.295,0.299,0.31,33.5,4.9,30.7,96.947639144,92.546234163,-0.0040000000000000036,-0.0010000000000000009,-0.0040000000000000036
"Harris II, Michael",671739,2025,641,20.0,2.5,0.249,0.409,0.268,0.268,0.438,0.289,0.315,0.291,29.6,9.1,43.4,103.013806132,95.674311175,-0.026000000000000023,-0.029000000000000026,-0.022999999999999965
"Crow-Armstrong, Pete",691718,2025,647,24.0,4.5,0.247,0.481,0.287,0.242,0.475,0.323,0.321,0.284,33.9,13.0,41.6,100.676597945,94.609790365,0.0020000000000000018,0.006000000000000005,0.0030000000000000027
"Lowe, Brandon",664040,2025,553,26.9,6.9,0.256,0.477,0.307,0.253,0.478,0.334,0.335,0.307,37.6,12.9,46.6,101.991060221,95.474542762,-0.0010000000000000009,-0.0010000000000000009,0.0
"Lindor, Francisco",596019,2025,732,17.9,8.9,0.267,0.466,0.346,0.26,0.454,0.35,0.345,0.342,34.6,8.8,44.4,100.755824319,94.874493626,0.0050000000000000044,0.01200000000000001,0.003999999999999948
"Rengifo, Luis",650859,2025,541,19.2,6.1,0.238,0.335,0.287,0.26,0.375,0.275,0.302,0.309,34.7,5.0,32.7,97.798023081,92.967555404,-0.02699999999999997,-0.03999999999999998,-0.02200000000000002
"Marte, Ketel",606466,2025,556,14.9,11.5,0.283,0.517,0.376,0.285,0.534,0.381,0.39,0.379,33.0,13.5,47.0,102.65931603,95.815528287,-0.009000000000000008,-0.017000000000000015,-0.0030000000000000027
"Turang, Brice",668930,2025,659,22.8,10.0,0.288,0.435,0.359,0.262,0.429,0.346,0.335,0.338,35.1,7.9,47.4,100.614785374,94.892922904,0.010999999999999954,0.006000000000000005,0.020999999999999963
